bus,scenario,t,demand_mw
1,S1,1,143.50672612826838
1,S1,2,181.20369494880737
1,S1,3,213.37917416697286
1,S1,4,209.75980213818423
1,S1,5,255.82288807067087
1,S1,6,186.50667711312192
1,S2,1,139.1042830190681
1,S2,2,168.16867625362056
1,S2,3,202.30768389813886
1,S2,4,187.78973773155616
1,S2,5,251.58532268573015
1,S2,6,181.8067570389561
1,S3,1,117.64159397790493
1,S3,2,140.55808876090052
1,S3,3,159.68037527078954
1,S3,4,157.5254951262188
1,S3,5,196.95282398779253
1,S3,6,152.22340109088262
1,S4,1,79.92812438165537
1,S4,2,100.61708552374742
1,S4,3,116.8859183164484
1,S4,4,110.97850776439691
1,S4,5,139.29414378752801
1,S4,6,100.71823004972302
1,S5,1,108.24148124963442
1,S5,2,130.80153562801763
1,S5,3,152.05186801523618
1,S5,4,147.17590581735286
1,S5,5,184.68760463377217
1,S5,6,127.1683953787735
1,S6,1,173.91089922496877
1,S6,2,215.8356000110131
1,S6,3,247.2253828020304
1,S6,4,238.82945713128564
1,S6,5,327.4734513526282
1,S6,6,231.86124646665237
2,S1,1,135.03128546965164
2,S1,2,154.97401383333678
2,S1,3,195.4561225771275
2,S1,4,179.3673417341666
2,S1,5,237.41361109003515
2,S1,6,170.53390893906987
2,S2,1,124.74685486877048
2,S2,2,150.16771676252742
2,S2,3,169.9180192690809
2,S2,4,167.96717823535212
2,S2,5,226.39396714369673
2,S2,6,160.61856465148065
2,S3,1,102.97975156422737
2,S3,2,130.3751635299914
2,S3,3,143.69212108314036
2,S3,4,138.76415690139757
2,S3,5,191.9026402508415
2,S3,6,132.24562251563546
2,S4,1,72.28031887132344
2,S4,2,83.45312532074874
2,S4,3,100.23281721788496
2,S4,4,94.28579906907652
2,S4,5,123.028107939378
2,S4,6,94.66353256897142
2,S5,1,96.35335816209556
2,S5,2,108.1664835701501
2,S5,3,134.14226520684252
2,S5,4,125.51815165032585
2,S5,5,165.35545061359954
2,S5,6,116.03619559027625
2,S6,1,164.85696122900242
2,S6,2,195.1865248711964
2,S6,3,225.77915894599852
2,S6,4,214.7618400886994
2,S6,5,295.62166436811924
2,S6,6,214.02640051320552
3,S1,1,249.78303902719907
3,S1,2,303.7356234297858
3,S1,3,361.2418633498032
3,S1,4,330.9597556202884
3,S1,5,457.32665862110395
3,S1,6,319.75152886981544
3,S2,1,229.03714660244682
3,S2,2,289.4196087089592
3,S2,3,325.693341726261
3,S2,4,305.08848619594556
3,S2,5,400.3937068512157
3,S2,6,281.32129172310675
3,S3,1,194.244946980794
3,S3,2,234.513209335987
3,S3,3,272.09860695725763
3,S3,4,260.1721431236206
3,S3,5,341.19197115245163
3,S3,6,256.28159847643616
3,S4,1,130.67577729277144
3,S4,2,162.34318621765334
3,S4,3,191.48349746953977
3,S4,4,187.63132272344222
3,S4,5,246.44784436680945
3,S4,6,173.13683036385626
3,S5,1,179.15192962074258
3,S5,2,215.95586888942486
3,S5,3,241.40730491269588
3,S5,4,243.3577631731302
3,S5,5,295.0492172670608
3,S5,6,225.5148041682301
3,S6,1,302.94994768305384
3,S6,2,358.21386635549055
3,S6,3,418.8085522077712
3,S6,4,418.34922201772497
3,S6,5,550.564678025434
3,S6,6,391.67919867767614
4,S1,1,102.00894853777824
4,S1,2,118.71859257246714
4,S1,3,142.62126767738687
4,S1,4,138.70811113570952
4,S1,5,175.1769982662933
4,S1,6,134.68196839278244
4,S2,1,93.52201899832009
4,S2,2,113.99881266166517
4,S2,3,128.2476364397205
4,S2,4,121.658296056226
4,S2,5,169.85676774152176
4,S2,6,126.56168538274677
4,S3,1,75.35394448509444
4,S3,2,98.28718636909699
4,S3,3,109.49940945686089
4,S3,4,108.00745309793516
4,S3,5,143.95142205165294
4,S3,6,105.71261450579784
4,S4,1,55.97002328150545
4,S4,2,67.74257701065406
4,S4,3,75.91770213586737
4,S4,4,73.30718267424
4,S4,5,99.10695435879647
4,S4,6,72.67658570452558
4,S5,1,73.95331617677236
4,S5,2,85.86513757849671
4,S5,3,103.32775186668597
4,S5,4,92.53695855779075
4,S5,5,122.8720399996311
4,S5,6,91.78902667642097
4,S6,1,126.6433563191651
4,S6,2,152.57129804537988
4,S6,3,173.07295593663443
4,S6,4,157.51222003785918
4,S6,5,219.88391541392036
4,S6,6,162.46563112651387
5,S1,1,100.85788223983924
5,S1,2,124.03731187085735
5,S1,3,137.39329946407244
5,S1,4,131.9350197885006
5,S1,5,180.53345120160546
5,S1,6,126.35285044405991
5,S2,1,87.78761218552049
5,S2,2,104.5922387167642
5,S2,3,124.23958846376462
5,S2,4,127.63133986556029
5,S2,5,154.4142202420271
5,S2,6,114.6195240368494
5,S3,1,74.33860334749257
5,S3,2,94.0805336139796
5,S3,3,102.66706201721074
5,S3,4,102.49546017353155
5,S3,5,132.40204037804176
5,S3,6,95.0958117671106
5,S4,1,51.8925305312337
5,S4,2,61.69985318809736
5,S4,3,78.8304190876859
5,S4,4,72.18567474807733
5,S4,5,97.18149648519392
5,S4,6,65.55005222216484
5,S5,1,68.03331749768924
5,S5,2,81.90276326965929
5,S5,3,95.41345970024435
5,S5,4,93.05528552660238
5,S5,5,123.41454638907591
5,S5,6,83.54198123504774
5,S6,1,115.01304360301329
5,S6,2,136.7853877278569
5,S6,3,172.97335835282306
5,S6,4,150.5085403326434
5,S6,5,208.40143120360366
5,S6,6,154.44400620043842
6,S1,1,186.9625496150167
6,S1,2,233.9356059493482
6,S1,3,260.02307443574665
6,S1,4,260.34161545615797
6,S1,5,348.15292582343164
6,S1,6,232.5862479286102
6,S2,1,173.93546869722078
6,S2,2,216.58701491463214
6,S2,3,248.1551037834867
6,S2,4,246.09653867933065
6,S2,5,299.15525026552245
6,S2,6,230.6421511111325
6,S3,1,142.92353762728712
6,S3,2,174.17091086531667
6,S3,3,204.67433891903636
6,S3,4,187.86202072092982
6,S3,5,253.02548837583402
6,S3,6,182.9058958789704
6,S4,1,98.76652771793269
6,S4,2,122.80710892821025
6,S4,3,148.56356548865682
6,S4,4,136.13109619047202
6,S4,5,180.0585331759474
6,S4,6,127.79641621206292
6,S5,1,129.82881448853036
6,S5,2,151.9329447360754
6,S5,3,191.3141687890705
6,S5,4,181.75039368134486
6,S5,5,239.59676461244328
6,S5,6,173.04006135163374
6,S6,1,216.57177490078095
6,S6,2,282.5005344646982
6,S6,3,329.96740709532384
6,S6,4,306.4334230033499
6,S6,5,393.75630378573635
6,S6,6,294.2435831662241
7,S1,1,178.70729090786344
7,S1,2,213.2465688810714
7,S1,3,258.0516169761351
7,S1,4,230.87183154357731
7,S1,5,297.7601320877029
7,S1,6,223.38400299545683
7,S2,1,160.54290367760916
7,S2,2,194.2878013132704
7,S2,3,218.81272104155465
7,S2,4,220.98767524968855
7,S2,5,286.2132006140973
7,S2,6,206.32437479407173
7,S3,1,129.03198358678318
7,S3,2,157.97626956226503
7,S3,3,185.34971090141
7,S3,4,181.26717787556802
7,S3,5,227.73452830947681
7,S3,6,166.73980397240666
7,S4,1,97.2068202944216
7,S4,2,109.18990464715868
7,S4,3,135.2762493881405
7,S4,4,129.45333163575893
7,S4,5,169.72309289392342
7,S4,6,115.78283084737718
7,S5,1,121.09758695525473
7,S5,2,145.2549423159209
7,S5,3,166.9630641270498
7,S5,4,167.7099588815872
7,S5,5,209.00802483249566
7,S5,6,150.84797582553543
7,S6,1,199.6588445542025
7,S6,2,237.52542033591752
7,S6,3,289.6330564735177
7,S6,4,288.6544001579082
7,S6,5,375.3786327449899
7,S6,6,260.7456487390686
8,S1,1,224.76966199565976
8,S1,2,275.25851395454873
8,S1,3,321.35421585957397
8,S1,4,308.4936593450031
8,S1,5,429.6526771789967
8,S1,6,306.02903741587687
8,S2,1,227.55472697250394
8,S2,2,260.8061402264335
8,S2,3,320.2078444326131
8,S2,4,299.09280018637315
8,S2,5,395.3911733277226
8,S2,6,283.5722591035292
8,S3,1,189.42239315048502
8,S3,2,216.5829062046445
8,S3,3,252.19654207867697
8,S3,4,245.67854174037416
8,S3,5,340.0183706080874
8,S3,6,242.46046318695193
8,S4,1,129.5649088285796
8,S4,2,160.02916101399734
8,S4,3,185.0007886082972
8,S4,4,179.93380546580318
8,S4,5,224.61067310521076
8,S4,6,170.8451565193379
8,S5,1,161.1844472651571
8,S5,2,203.2514168594107
8,S5,3,232.14235035504822
8,S5,4,211.36741218070267
8,S5,5,297.7285214202104
8,S5,6,205.8334163775775
8,S6,1,292.64902624057447
8,S6,2,349.97589962223213
8,S6,3,384.6521667949387
8,S6,4,389.93620432968027
8,S6,5,490.63743329841503
8,S6,6,374.27262299996494
9,S1,1,242.76060571466897
9,S1,2,288.9194695157046
9,S1,3,347.4468677355568
9,S1,4,335.35051939922386
9,S1,5,414.95781480748093
9,S1,6,314.5082215550191
9,S2,1,214.62813675384035
9,S2,2,260.820365971779
9,S2,3,314.1271078250978
9,S2,4,307.3198205093463
9,S2,5,404.68323405156696
9,S2,6,273.38301057046306
9,S3,1,187.40781349515967
9,S3,2,222.5502993613577
9,S3,3,262.5712736625585
9,S3,4,245.7884301614675
9,S3,5,329.43872286218016
9,S3,6,232.38022680783183
9,S4,1,125.28988952058266
9,S4,2,158.7402626891914
9,S4,3,188.95933893759496
9,S4,4,184.33593049126304
9,S4,5,236.71495361612742
9,S4,6,165.6333277264547
9,S5,1,163.25876232838763
9,S5,2,196.0623923016104
9,S5,3,227.68930027992857
9,S5,4,222.0619085725181
9,S5,5,298.22396871380863
9,S5,6,210.09437788999796
9,S6,1,281.06553070830597
9,S6,2,363.18324461258163
9,S6,3,412.93225154968405
9,S6,4,401.8425511143085
9,S6,5,514.0856295049828
9,S6,6,373.7216145497724
10,S1,1,281.7952454785547
10,S1,2,327.55050563344196
10,S1,3,375.77846776404886
10,S1,4,370.43470186023166
10,S1,5,493.25965030573167
10,S1,6,340.0110751060983
10,S2,1,252.57375562447697
10,S2,2,287.1781721912468
10,S2,3,372.1957039708821
10,S2,4,336.45743897213737
10,S2,5,464.8923019606506
10,S2,6,325.41784310598587
10,S3,1,214.71011303408557
10,S3,2,262.3579603496006
10,S3,3,308.0293430085703
10,S3,4,278.3713742449197
10,S3,5,387.6314287199389
10,S3,6,278.42404341136273
10,S4,1,141.16513348177543
10,S4,2,181.92141452321883
10,S4,3,203.9681049165624
10,S4,4,190.96052965091673
10,S4,5,255.35954699807658
10,S4,6,189.0413748542876
10,S5,1,187.39626945647936
10,S5,2,225.86030498747735
10,S5,3,274.09833514676893
10,S5,4,255.1279299536659
10,S5,5,322.61804457852526
10,S5,6,242.83752955432206
10,S6,1,308.05093045414014
10,S6,2,402.73584851693687
10,S6,3,476.38906100460525
10,S6,4,446.6501467661942
10,S6,5,588.9116170083851
10,S6,6,418.5716128896456
11,S1,1,0.0
11,S1,2,0.0
11,S1,3,0.0
11,S1,4,0.0
11,S1,5,0.0
11,S1,6,0.0
11,S2,1,0.0
11,S2,2,0.0
11,S2,3,0.0
11,S2,4,0.0
11,S2,5,0.0
11,S2,6,0.0
11,S3,1,0.0
11,S3,2,0.0
11,S3,3,0.0
11,S3,4,0.0
11,S3,5,0.0
11,S3,6,0.0
11,S4,1,0.0
11,S4,2,0.0
11,S4,3,0.0
11,S4,4,0.0
11,S4,5,0.0
11,S4,6,0.0
11,S5,1,0.0
11,S5,2,0.0
11,S5,3,0.0
11,S5,4,0.0
11,S5,5,0.0
11,S5,6,0.0
11,S6,1,0.0
11,S6,2,0.0
11,S6,3,0.0
11,S6,4,0.0
11,S6,5,0.0
11,S6,6,0.0
12,S1,1,0.0
12,S1,2,0.0
12,S1,3,0.0
12,S1,4,0.0
12,S1,5,0.0
12,S1,6,0.0
12,S2,1,0.0
12,S2,2,0.0
12,S2,3,0.0
12,S2,4,0.0
12,S2,5,0.0
12,S2,6,0.0
12,S3,1,0.0
12,S3,2,0.0
12,S3,3,0.0
12,S3,4,0.0
12,S3,5,0.0
12,S3,6,0.0
12,S4,1,0.0
12,S4,2,0.0
12,S4,3,0.0
12,S4,4,0.0
12,S4,5,0.0
12,S4,6,0.0
12,S5,1,0.0
12,S5,2,0.0
12,S5,3,0.0
12,S5,4,0.0
12,S5,5,0.0
12,S5,6,0.0
12,S6,1,0.0
12,S6,2,0.0
12,S6,3,0.0
12,S6,4,0.0
12,S6,5,0.0
12,S6,6,0.0
13,S1,1,78.31277485819534
13,S1,2,90.3535235463999
13,S1,3,114.02443076585989
13,S1,4,101.03938622948061
13,S1,5,138.58932373729763
13,S1,6,97.95944316021027
13,S2,1,73.49272794470643
13,S2,2,84.65221423464139
13,S2,3,100.60409073837113
13,S2,4,97.3372125727722
13,S2,5,125.8410058816099
13,S2,6,95.90813832269596
13,S3,1,61.06806990128183
13,S3,2,75.12166184852505
13,S3,3,84.50289082269111
13,S3,4,78.44306774985813
13,S3,5,109.93040103606728
13,S3,6,74.64799548205255
13,S4,1,42.60261468071686
13,S4,2,50.00240052868599
13,S4,3,61.44637867706573
13,S4,4,56.232047137492174
13,S4,5,76.92785170540505
13,S4,6,53.121554947902965
13,S5,1,51.89991163361224
13,S5,2,66.86388378832693
13,S5,3,78.00149417701518
13,S5,4,70.24010926467876
13,S5,5,93.76557553927245
13,S5,6,71.43719507269816
13,S6,1,90.33031456502013
13,S6,2,115.50784842314717
13,S6,3,130.678216292921
13,S6,4,120.410571319041
13,S6,5,166.3443316644952
13,S6,6,115.12493170895178
14,S1,1,59.530424018773964
14,S1,2,69.45027590770384
14,S1,3,78.14876149245214
14,S1,4,75.55463816713144
14,S1,5,101.08480513418104
14,S1,6,72.3657827191056
14,S2,1,49.96343985840919
14,S2,2,65.09660054531246
14,S2,3,76.26680817937613
14,S2,4,70.05157938740005
14,S2,5,95.38090512093297
14,S2,6,70.31851356291833
14,S3,1,45.51405512698662
14,S3,2,54.94218578149406
14,S3,3,65.29609900281518
14,S3,4,60.339383007461294
14,S3,5,78.44740195404052
14,S3,6,54.590297226927525
14,S4,1,30.15679317133169
14,S4,2,36.53825191919881
14,S4,3,45.576800073378315
14,S4,4,42.473554870958765
14,S4,5,51.98400173900394
14,S4,6,39.586724439923984
14,S5,1,38.379524794699606
14,S5,2,46.99480428931
14,S5,3,57.032846875332275
14,S5,4,52.954137454063265
14,S5,5,72.23160138633628
14,S5,6,50.477352689931166
14,S6,1,69.9612938501377
14,S6,2,80.45203259161549
14,S6,3,91.75139412191501
14,S6,4,88.83056689980337
14,S6,5,115.6914687937299
14,S6,6,89.62735446086285
15,S1,1,90.73833717963825
15,S1,2,107.35281624286262
15,S1,3,128.83771592778845
15,S1,4,125.52104827304727
15,S1,5,162.16984126994086
15,S1,6,120.98115407594577
15,S2,1,82.13231183204982
15,S2,2,106.11901458029459
15,S2,3,122.96603133950171
15,S2,4,110.67871751124363
15,S2,5,146.9190768962188
15,S2,6,108.36565916227097
15,S3,1,69.4468932846105
15,S3,2,86.44590223573188
15,S3,3,103.15682221685378
15,S3,4,93.77782103362325
15,S3,5,125.16120087605807
15,S3,6,92.48785278056334
15,S4,1,51.0757491141191
15,S4,2,61.834168180532494
15,S4,3,71.87449060729556
15,S4,4,65.21872434366492
15,S4,5,87.26832292035549
15,S4,6,63.789181167474624
15,S5,1,62.2826217640544
15,S5,2,79.91579382690726
15,S5,3,96.35429135680444
15,S5,4,91.53568796193017
15,S5,5,119.5467070301559
15,S5,6,83.9853325824484
15,S6,1,108.28913109329817
15,S6,2,131.57607134698412
15,S6,3,158.86974677500075
15,S6,4,145.68079312105831
15,S6,5,204.02322650386495
15,S6,6,146.2699961688332
16,S1,1,23.952414549708802
16,S1,2,30.467516551969478
16,S1,3,34.164125584398775
16,S1,4,35.139090685456885
16,S1,5,43.74602976703479
16,S1,6,33.11532581903923
16,S2,1,22.48554513725719
16,S2,2,27.514736675421958
16,S2,3,34.25352245826175
16,S2,4,31.14912703080712
16,S2,5,40.23373808121991
16,S2,6,28.479122581460864
16,S3,1,19.14777893095603
16,S3,2,22.438444374642817
16,S3,3,28.212896292369493
16,S3,4,26.642560728121516
16,S3,5,35.128095020997065
16,S3,6,25.50036514213169
16,S4,1,13.251634594127147
16,S4,2,16.39342114500454
16,S4,3,18.529267766237943
16,S4,4,18.37168249498242
16,S4,5,24.204199667341484
16,S4,6,17.08387951564998
16,S5,1,17.071426288856404
16,S5,2,20.775350992745693
16,S5,3,24.048003466054208
16,S5,4,24.75160305555544
16,S5,5,32.178666011784756
16,S5,6,21.627971544614013
16,S6,1,29.03126525023367
16,S6,2,37.745047560838486
16,S6,3,44.083159917087706
16,S6,4,40.46174716285182
16,S6,5,52.507468142994234
16,S6,6,36.74780154595723
17,S1,1,0.0
17,S1,2,0.0
17,S1,3,0.0
17,S1,4,0.0
17,S1,5,0.0
17,S1,6,0.0
17,S2,1,0.0
17,S2,2,0.0
17,S2,3,0.0
17,S2,4,0.0
17,S2,5,0.0
17,S2,6,0.0
17,S3,1,0.0
17,S3,2,0.0
17,S3,3,0.0
17,S3,4,0.0
17,S3,5,0.0
17,S3,6,0.0
17,S4,1,0.0
17,S4,2,0.0
17,S4,3,0.0
17,S4,4,0.0
17,S4,5,0.0
17,S4,6,0.0
17,S5,1,0.0
17,S5,2,0.0
17,S5,3,0.0
17,S5,4,0.0
17,S5,5,0.0
17,S5,6,0.0
17,S6,1,0.0
17,S6,2,0.0
17,S6,3,0.0
17,S6,4,0.0
17,S6,5,0.0
17,S6,6,0.0
18,S1,1,93.2203000168836
18,S1,2,114.75997487549999
18,S1,3,134.56935909146972
18,S1,4,134.29427107071203
18,S1,5,174.06351754031462
18,S1,6,126.03239367519197
18,S2,1,85.82763745256166
18,S2,2,106.31838851497952
18,S2,3,126.92328910600966
18,S2,4,122.76015584025893
18,S2,5,160.28635477707977
18,S2,6,118.66614625253874
18,S3,1,72.46882670934218
18,S3,2,89.5425866626816
18,S3,3,109.52939675081544
18,S3,4,97.18170469956242
18,S3,5,127.43226638663862
18,S3,6,92.59169302101971
18,S4,1,52.992642554719225
18,S4,2,65.1050770821365
18,S4,3,77.41094429540617
18,S4,4,69.5741950668087
18,S4,5,96.23171602925102
18,S4,6,65.28133932909213
18,S5,1,65.46721999925981
18,S5,2,84.62369894673576
18,S5,3,95.75878131548143
18,S5,4,91.06519602771102
18,S5,5,124.64747176063887
18,S5,6,83.99272038408456
18,S6,1,112.40690230549693
18,S6,2,146.9266035107677
18,S6,3,160.38413712488696
18,S6,4,151.5146767597504
18,S6,5,216.5626076416768
18,S6,6,147.45563616201
19,S1,1,52.629179539361395
19,S1,2,66.69538780517695
19,S1,3,77.3201364452457
19,S1,4,75.34995174733018
19,S1,5,95.9332663288559
19,S1,6,67.78405056922479
19,S2,1,51.14980058906957
19,S2,2,60.081403738251545
19,S2,3,67.08325998695697
19,S2,4,69.07876742865915
19,S2,5,89.51287028432674
19,S2,6,60.52656273464731
19,S3,1,39.079090001201806
19,S3,2,50.60384470911671
19,S3,3,58.994120379655676
19,S3,4,53.474686083043395
19,S3,5,70.46382568368905
19,S3,6,53.19395110058627
19,S4,1,27.670875240694944
19,S4,2,36.231365192998105
19,S4,3,42.768069283858594
19,S4,4,36.93787103673305
19,S4,5,53.39866498051154
19,S4,6,37.261789119627736
19,S5,1,38.23655941639417
19,S5,2,45.87626720695708
19,S5,3,51.33714582825968
19,S5,4,49.15952122775604
19,S5,5,62.35131771758268
19,S5,6,47.30764027429336
19,S6,1,65.25778556158588
19,S6,2,78.88861336625061
19,S6,3,89.64811343974345
19,S6,4,82.1794684754556
19,S6,5,115.48382050572286
19,S6,6,81.26067147597536
20,S1,1,39.2681357187512
20,S1,2,45.34336447582946
20,S1,3,54.162372128485835
20,S1,4,51.375339304342425
20,S1,5,69.86085134554632
20,S1,6,49.04260888119196
20,S2,1,34.01989792260999
20,S2,2,41.00972930649492
20,S2,3,50.35950165543166
20,S2,4,46.802938102252845
20,S2,5,60.871552570988186
20,S2,6,45.964202279595774
20,S3,1,28.92447408443886
20,S3,2,35.139791216586254
20,S3,3,39.56040020694486
20,S3,4,38.27857824870856
20,S3,5,49.13581026767906
20,S3,6,37.429023021710854
20,S4,1,19.327924349829733
20,S4,2,25.559789320064795
20,S4,3,29.03693808802823
20,S4,4,27.09682329180706
20,S4,5,36.58861970054661
20,S4,6,26.16076474369144
20,S5,1,25.854332392729077
20,S5,2,31.46286183606253
20,S5,3,35.3211628452844
20,S5,4,36.64283520938037
20,S5,5,44.67241773289488
20,S5,6,32.06676530864707
20,S6,1,42.617441598919704
20,S6,2,54.139319560323656
20,S6,3,61.91723171410395
20,S6,4,63.14432712524769
20,S6,5,81.31583632396041
20,S6,6,54.67541321794758
21,S1,1,0.0
21,S1,2,0.0
21,S1,3,0.0
21,S1,4,0.0
21,S1,5,0.0
21,S1,6,0.0
21,S2,1,0.0
21,S2,2,0.0
21,S2,3,0.0
21,S2,4,0.0
21,S2,5,0.0
21,S2,6,0.0
21,S3,1,0.0
21,S3,2,0.0
21,S3,3,0.0
21,S3,4,0.0
21,S3,5,0.0
21,S3,6,0.0
21,S4,1,0.0
21,S4,2,0.0
21,S4,3,0.0
21,S4,4,0.0
21,S4,5,0.0
21,S4,6,0.0
21,S5,1,0.0
21,S5,2,0.0
21,S5,3,0.0
21,S5,4,0.0
21,S5,5,0.0
21,S5,6,0.0
21,S6,1,0.0
21,S6,2,0.0
21,S6,3,0.0
21,S6,4,0.0
21,S6,5,0.0
21,S6,6,0.0
22,S1,1,0.0
22,S1,2,0.0
22,S1,3,0.0
22,S1,4,0.0
22,S1,5,0.0
22,S1,6,0.0
22,S2,1,0.0
22,S2,2,0.0
22,S2,3,0.0
22,S2,4,0.0
22,S2,5,0.0
22,S2,6,0.0
22,S3,1,0.0
22,S3,2,0.0
22,S3,3,0.0
22,S3,4,0.0
22,S3,5,0.0
22,S3,6,0.0
22,S4,1,0.0
22,S4,2,0.0
22,S4,3,0.0
22,S4,4,0.0
22,S4,5,0.0
22,S4,6,0.0
22,S5,1,0.0
22,S5,2,0.0
22,S5,3,0.0
22,S5,4,0.0
22,S5,5,0.0
22,S5,6,0.0
22,S6,1,0.0
22,S6,2,0.0
22,S6,3,0.0
22,S6,4,0.0
22,S6,5,0.0
22,S6,6,0.0
23,S1,1,0.0
23,S1,2,0.0
23,S1,3,0.0
23,S1,4,0.0
23,S1,5,0.0
23,S1,6,0.0
23,S2,1,0.0
23,S2,2,0.0
23,S2,3,0.0
23,S2,4,0.0
23,S2,5,0.0
23,S2,6,0.0
23,S3,1,0.0
23,S3,2,0.0
23,S3,3,0.0
23,S3,4,0.0
23,S3,5,0.0
23,S3,6,0.0
23,S4,1,0.0
23,S4,2,0.0
23,S4,3,0.0
23,S4,4,0.0
23,S4,5,0.0
23,S4,6,0.0
23,S5,1,0.0
23,S5,2,0.0
23,S5,3,0.0
23,S5,4,0.0
23,S5,5,0.0
23,S5,6,0.0
23,S6,1,0.0
23,S6,2,0.0
23,S6,3,0.0
23,S6,4,0.0
23,S6,5,0.0
23,S6,6,0.0
24,S1,1,0.0
24,S1,2,0.0
24,S1,3,0.0
24,S1,4,0.0
24,S1,5,0.0
24,S1,6,0.0
24,S2,1,0.0
24,S2,2,0.0
24,S2,3,0.0
24,S2,4,0.0
24,S2,5,0.0
24,S2,6,0.0
24,S3,1,0.0
24,S3,2,0.0
24,S3,3,0.0
24,S3,4,0.0
24,S3,5,0.0
24,S3,6,0.0
24,S4,1,0.0
24,S4,2,0.0
24,S4,3,0.0
24,S4,4,0.0
24,S4,5,0.0
24,S4,6,0.0
24,S5,1,0.0
24,S5,2,0.0
24,S5,3,0.0
24,S5,4,0.0
24,S5,5,0.0
24,S5,6,0.0
24,S6,1,0.0
24,S6,2,0.0
24,S6,3,0.0
24,S6,4,0.0
24,S6,5,0.0
24,S6,6,0.0
