g,bus,pmax,pmin,c_gen_usd_per_mwh
1,1,20,16,48.5
2,1,20,16,48.5
3,1,76,15.2,15.3
4,1,76,15.2,15.3
5,2,20,16,48.5
6,2,20,16,48.5
7,2,76,15.2,15.3
8,2,76,15.2,15.3
9,7,100,25,23.8
10,7,100,25,23.8
11,7,100,25,23.8
12,13,197,69,22.8
13,13,197,69,22.8
14,13,197,69,22.8
15,14,0,0,0.0
16,15,12,2.4,28.5
17,15,12,2.4,28.5
18,15,12,2.4,28.5
19,15,12,2.4,28.5
20,15,12,2.4,28.5
21,15,155,54.3,12.3
22,16,155,54.3,12.3
23,18,400,100,6.3
24,21,400,100,6.3
25,22,50,10,1.6
26,22,50,10,1.6
27,22,50,10,1.6
28,22,50,10,1.6
29,22,50,10,1.6
30,22,50,10,1.6
31,23,155,54.3,12.3
32,23,155,54.3,12.3
33,23,350,140,11.4
