ren_id,scenario,t,avail_mw
R1,S1,1,32.15075687462691
R1,S1,2,46.068158752078425
R1,S1,3,82.69959645554702
R1,S1,4,86.72066198296572
R1,S1,5,52.81379144761644
R1,S1,6,40.242065934042216
R1,S2,1,38.06801148464807
R1,S2,2,50.83147945419698
R1,S2,3,66.74577055782987
R1,S2,4,71.22847440802916
R1,S2,5,45.7736280845411
R1,S2,6,32.181775318585004
R1,S3,1,36.75416992194266
R1,S3,2,49.13417613963172
R1,S3,3,70.06310120572945
R1,S3,4,80.25750805670607
R1,S3,5,47.67712371804937
R1,S3,6,37.282518830306955
R1,S4,1,40.53448937559604
R1,S4,2,57.28031479454393
R1,S4,3,65.62935542869629
R1,S4,4,69.46554297402756
R1,S4,5,39.14541560720599
R1,S4,6,32.2532490018604
R1,S5,1,54.22203528601197
R1,S5,2,74.25467038963767
R1,S5,3,122.73045568982579
R1,S5,4,122.27646375024456
R1,S5,5,94.61418247094592
R1,S5,6,65.40891458167657
R1,S6,1,12.93130576234465
R1,S6,2,19.430036355255424
R1,S6,3,25.523921569201235
R1,S6,4,33.37095768979293
R1,S6,5,18.87065824572044
R1,S6,6,12.821590476821232
R2,S1,1,0.0
R2,S1,2,32.652142232410064
R2,S1,3,160.67074181410737
R2,S1,4,154.5698342500761
R2,S1,5,27.05951354836669
R2,S1,6,0.0
R2,S2,1,0.0
R2,S2,2,35.08390541589157
R2,S2,3,129.0013659061958
R2,S2,4,133.40715827869153
R2,S2,5,23.1675922233349
R2,S2,6,0.0
R2,S3,1,0.0
R2,S3,2,34.02873601088999
R2,S3,3,144.16624330223507
R2,S3,4,150.8546176862303
R2,S3,5,25.275048142665884
R2,S3,6,0.0
R2,S4,1,0.0
R2,S4,2,37.37929984966389
R2,S4,3,130.61315153123005
R2,S4,4,125.95726029008333
R2,S4,5,19.812234724551516
R2,S4,6,0.0
R2,S5,1,0.0
R2,S5,2,49.893362269192544
R2,S5,3,249.94515325512936
R2,S5,4,241.39082984250064
R2,S5,5,45.10476321020425
R2,S5,6,0.0
R2,S6,1,0.0
R2,S6,2,13.438216441373198
R2,S6,3,49.77876475791666
R2,S6,4,60.610047458079265
R2,S6,5,9.6283941551658
R2,S6,6,0.0
R3,S1,1,71.87667624754656
R3,S1,2,106.41283529002452
R3,S1,3,176.2522124629054
R3,S1,4,189.1573510015185
R3,S1,5,119.82101859594373
R3,S1,6,90.88380657616692
R3,S2,1,85.13445227272237
R3,S2,2,117.91204534799117
R3,S2,3,151.62351470371271
R3,S2,4,159.59611461933878
R3,S2,5,104.86654216645968
R3,S2,6,71.41774420959112
R3,S3,1,80.30301481358059
R3,S3,2,107.12048490113591
R3,S3,3,158.24439188491274
R3,S3,4,172.7691673602234
R3,S3,5,111.5534074757466
R3,S3,6,84.52552977798398
R3,S4,1,96.08642609693968
R3,S4,2,125.45822067865703
R3,S4,3,145.85859630612092
R3,S4,4,157.5526828920978
R3,S4,5,90.16325296584444
R3,S4,6,75.14646877586296
R3,S5,1,110.53799474567987
R3,S5,2,155.29119234669298
R3,S5,3,252.51283239053802
R3,S5,4,278.74466645340334
R3,S5,5,202.44952446557036
R3,S5,6,149.5537804944872
R3,S6,1,28.812797996311204
R3,S6,2,42.1493702093279
R3,S6,3,55.28022975596053
R3,S6,4,69.48820000602542
R3,S6,5,41.76651873594984
R3,S6,6,28.180307269490346
