r,ren_id,bus,capacity_mw,type
R1,R1,192,83.25,wind
R10,R10,225,81.0,solar
R11,R11,140,83.25,wind
R12,R12,127,85.5,solar
R13,R13,5,87.75,wind
R14,R14,167,90.0,solar
R15,R15,137,92.25,wind
R16,R16,235,94.5,solar
R17,R17,182,96.75,wind
R18,R18,122,99.0,solar
R19,R19,61,101.25,wind
R2,R2,120,85.5,solar
R20,R20,73,81.0,solar
R21,R21,228,83.25,wind
R22,R22,59,85.5,solar
R23,R23,155,87.75,wind
R24,R24,44,90.0,solar
R25,R25,188,92.25,wind
R26,R26,175,94.5,solar
R27,R27,216,96.75,wind
R28,R28,224,99.0,solar
R29,R29,135,101.25,wind
R3,R3,139,87.75,wind
R30,R30,173,81.0,solar
R31,R31,14,83.25,wind
R32,R32,231,85.5,solar
R33,R33,38,87.75,wind
R34,R34,526,90.0,solar
R35,R35,184,92.25,wind
R36,R36,218,94.5,solar
R37,R37,15,96.75,wind
R38,R38,157,99.0,solar
R39,R39,6,101.25,wind
R4,R4,234,90.0,solar
R40,R40,71,81.0,solar
R5,R5,17,92.25,wind
R6,R6,121,94.5,solar
R7,R7,232,96.75,wind
R8,R8,223,99.0,solar
R9,R9,178,101.25,wind
