h,Ebar_mwh,c_fix_usd_per_year
5,700.0,260000.0
17,700.0,260000.0
20,700.0,260000.0
120,700.0,260000.0
121,700.0,260000.0
122,700.0,260000.0
124,700.0,260000.0
125,700.0,260000.0
127,700.0,260000.0
137,700.0,260000.0
138,700.0,260000.0
139,700.0,260000.0
140,700.0,260000.0
167,700.0,260000.0
170,700.0,260000.0
171,700.0,260000.0
178,700.0,260000.0
182,700.0,260000.0
191,700.0,260000.0
192,700.0,260000.0
220,700.0,260000.0
222,700.0,260000.0
223,700.0,260000.0
225,700.0,260000.0
227,700.0,260000.0
232,700.0,260000.0
233,700.0,260000.0
234,700.0,260000.0
235,700.0,260000.0
238,700.0,260000.0
