experiment,case,param_name,param_value,param_mult,termination,ok,obj,op_cost,invest_line,invest_stor,n_lines,n_storage,total_storage_mwh,eens_mwh,curt_mwh,solve_time_sec,mip_gap
sensitivity,Joint,Gamma,65000000.0,0.5,optimal,True,432789275.11547786,420381003.7229921,7430465.548669461,4977805.84381627,2,1,164.52932362169096,0.0,859264.3350470676,90.87509240000509,0.008529505950309319
sensitivity,Joint,Gamma,97500000.0,0.75,optimal,True,432789275.1154777,420381003.72299194,7430465.548669461,4977805.84381627,2,1,164.52932362169096,0.0,859264.3350470668,84.16445670000394,0.00856271150859542
sensitivity,Joint,Gamma,130000000.0,1.0,optimal,True,432789275.11547756,420381003.7229918,7430465.548669461,4977805.843816272,2,1,164.52932362169102,0.0,859264.3350470668,81.71943149997969,0.008578028890749668
sensitivity,Joint,Gamma,162500000.0,1.25,optimal,True,432789275.1154782,420381003.7229925,7430465.548669461,4977805.843816266,2,1,164.52932362169082,0.0,859264.3350470742,97.49230220000027,0.0077057705295267
sensitivity,Joint,Gamma,195000000.0,1.5,optimal,True,432789275.11547804,420381003.7229923,7430465.548669461,4977805.843816269,2,1,164.52932362169093,0.0,859264.3350470721,129.9100265999732,0.008596559591558884
sensitivity,Joint,c_shed,5000.0,0.5,optimal,True,432789275.11547786,420381003.7229921,7430465.548669461,4977805.843816269,2,1,164.52932362169093,0.0,859264.3350470694,81.6569443999906,0.008503555044337302
sensitivity,Joint,c_shed,10000.0,1.0,optimal,True,432789275.11547756,420381003.7229918,7430465.548669461,4977805.843816272,2,1,164.52932362169102,0.0,859264.3350470668,92.45778709999286,0.008578028890749668
sensitivity,Joint,c_shed,20000.0,2.0,optimal,True,432789275.1154781,420381003.72299236,7430465.548669461,4977805.843816271,2,1,164.529323621691,0.0,859264.3350470702,83.81948030000785,0.008569818897449906
sensitivity,Joint,c_curt,45.0,0.5,optimal,True,392088495.8896873,384658030.34101784,7430465.548669461,0.0,2,0,0.0,0.0,908771.9324327962,55.74988630000735,0.008115655998463242
sensitivity,Joint,c_curt,90.0,1.0,optimal,True,432789275.11547756,420381003.7229918,7430465.548669461,4977805.843816272,2,1,164.52932362169102,0.0,859264.3350470668,80.53971390001243,0.008578028890749668
sensitivity,Joint,c_curt,180.0,2.0,optimal,True,496238059.5367549,444832247.58929,7430465.548669461,43975346.3987954,2,3,1500.0,0.0,592290.2986660058,138.3985951000068,0.0014199664975759548
sensitivity,Joint,c_curt,450.0,5.0,optimal,True,632856324.5683687,544632522.4459634,18794706.976046283,69429095.14635901,5,5,2366.127367352863,0.0,454393.09024468,465.60673480000696,0.009982936916114465
sensitivity,Joint,c_cap,14428.44879959847,0.5,optimal,True,420633174.4101453,390870035.66207814,7430465.548669461,22332673.1993977,2,3,1500.0,0.0,602597.8203018395,120.16117710000253,0.00924427725180106
sensitivity,Joint,c_cap,21642.673199397705,0.75,optimal,True,429609546.2628255,407546543.98105574,7430465.548669461,14632536.73310032,2,2,654.8422462662666,0.0,742830.2378961165,91.89282949999324,0.007483338407968125
sensitivity,Joint,c_cap,28856.89759919694,1.0,optimal,True,432789275.11547756,420381003.7229918,7430465.548669461,4977805.843816272,2,1,164.52932362169102,0.0,859264.3350470668,76.62508270001854,0.008578028890749668
sensitivity,Joint,c_cap,36071.121998996176,1.25,optimal,True,432919364.5313167,425488898.98264724,7430465.548669461,0.0,2,0,0.0,0.0,907316.8345608502,68.76187769998796,0.006126424956329931
sensitivity,Joint,c_cap,43285.34639879541,1.5,optimal,True,432919364.53131706,425488898.9826476,7430465.548669461,0.0,2,0,0.0,0.0,907316.8345608544,72.43317260002368,0.006042489152880868
