from_bus,to_bus,status
101,102,1
101,103,1
101,105,1
102,104,1
102,106,1
103,109,1
103,124,1
104,109,1
105,110,1
106,110,1
107,108,1
107,203,1
108,109,1
108,110,1
109,111,1
109,112,1
110,111,1
110,112,1
111,113,1
111,114,1
112,113,1
112,123,1
113,123,1
113,215,1
114,116,1
115,116,1
115,121,1
115,124,1
116,117,1
116,119,1
117,118,1
117,122,1
118,121,1
119,120,1
120,123,1
121,122,1
121,325,1
123,217,1
201,202,1
201,203,1
201,205,1
202,204,1
202,206,1
203,209,1
203,224,1
204,209,1
205,210,1
206,210,1
207,208,1
208,209,1
208,210,1
209,211,1
209,212,1
210,211,1
210,212,1
211,213,1
211,214,1
212,213,1
212,223,1
213,223,1
214,216,1
215,216,1
215,221,1
215,224,1
216,217,1
216,219,1
217,218,1
217,222,1
218,221,1
219,220,1
220,223,1
221,222,1
223,318,1
301,302,1
301,303,1
301,305,1
302,304,1
302,306,1
303,309,1
303,324,1
304,309,1
305,310,1
306,310,1
307,308,1
308,309,1
308,310,1
309,311,1
309,312,1
310,311,1
310,312,1
311,313,1
311,314,1
312,313,1
312,323,1
313,323,1
314,316,1
315,316,1
315,321,1
315,324,1
316,317,1
316,319,1
317,318,1
317,322,1
318,321,1
319,320,1
320,323,1
321,322,1
323,325,1
