bus,base_kv,base_load_mw
101,138.0,108.0
102,138.0,97.0
103,138.0,180.0
104,138.0,74.0
105,138.0,71.0
106,138.0,136.0
107,138.0,125.0
108,138.0,171.0
109,138.0,175.0
110,138.0,195.0
111,230.0,0.0
112,230.0,0.0
113,230.0,265.0
114,230.0,194.0
115,230.0,317.0
116,230.0,100.0
117,230.0,0.0
118,230.0,333.0
119,230.0,181.0
120,230.0,128.0
121,230.0,0.0
122,230.0,0.0
123,230.0,0.0
124,230.0,0.0
201,138.0,108.0
202,138.0,97.0
203,138.0,180.0
204,138.0,74.0
205,138.0,71.0
206,138.0,136.0
207,138.0,125.0
208,138.0,171.0
209,138.0,175.0
210,138.0,195.0
211,230.0,0.0
212,230.0,0.0
213,230.0,265.0
214,230.0,194.0
215,230.0,317.0
216,230.0,100.0
217,230.0,0.0
218,230.0,333.0
219,230.0,181.0
220,230.0,128.0
221,230.0,0.0
222,230.0,0.0
223,230.0,0.0
224,230.0,0.0
301,138.0,108.0
302,138.0,97.0
303,138.0,180.0
304,138.0,74.0
305,138.0,71.0
306,138.0,136.0
307,138.0,125.0
308,138.0,171.0
309,138.0,175.0
310,138.0,195.0
311,230.0,0.0
312,230.0,0.0
313,230.0,265.0
314,230.0,194.0
315,230.0,317.0
316,230.0,100.0
317,230.0,0.0
318,230.0,333.0
319,230.0,181.0
320,230.0,128.0
321,230.0,0.0
322,230.0,0.0
323,230.0,0.0
324,230.0,0.0
325,230.0,0.0
