from_bus,to_bus,kv,hops,length_mile,c_line_usd_per_year
101,110,138,2,30.0,3496689.6699620993
102,110,138,2,30.0,3496689.6699620993
103,115,138,2,30.0,3496689.6699620993
110,113,138,2,30.0,3496689.6699620993
113,114,230,2,30.0,3933775.878707362
114,119,230,2,30.0,3933775.878707362
115,118,230,2,30.0,3933775.878707362
115,119,230,2,30.0,3933775.878707362
115,122,230,2,30.0,3933775.878707362
118,122,230,2,30.0,3933775.878707362
210,213,138,2,30.0,3496689.6699620993
212,318,230,2,30.0,3933775.878707362
213,214,230,2,30.0,3933775.878707362
213,318,230,2,30.0,3933775.878707362
214,215,230,2,30.0,3933775.878707362
215,218,230,2,30.0,3933775.878707362
303,315,138,2,30.0,3496689.6699620993
309,310,138,2,30.0,3496689.6699620993
309,313,138,2,30.0,3496689.6699620993
310,313,138,2,30.0,3496689.6699620993
