k_L,k_H,n_candidate_lines,n_storage_sites,line_jaccard_div_score,storage_jaccard_div_score,exact_line_recall_cap,exact_storage_recall_cap,exact_line_recall,exact_storage_recall
10,4,260,30,0.25,0.3333333333333333,0.5263157894736842,0.4,,
10,8,260,30,0.25,0.3333333333333333,0.5263157894736842,0.8,,
10,12,260,30,0.25,0.5,0.5263157894736842,1.0,,
10,20,260,30,0.25,0.9047619047619048,0.5263157894736842,1.0,,
10,30,260,30,0.25,0.9666666666666667,0.5263157894736842,1.0,,
20,4,260,30,0.3793103448275862,0.3333333333333333,1.0,0.4,,
20,8,260,30,0.3793103448275862,0.3333333333333333,1.0,0.8,,
20,12,260,30,0.3793103448275862,0.4117647058823529,1.0,1.0,,
20,20,260,30,0.3793103448275862,0.5384615384615384,1.0,1.0,,
20,30,260,30,0.3793103448275862,0.7666666666666667,1.0,1.0,,
40,4,260,30,0.45454545454545453,0.3333333333333333,1.0,0.4,,
40,8,260,30,0.45454545454545453,0.3333333333333333,1.0,0.8,,
40,12,260,30,0.45454545454545453,0.375,1.0,1.0,,
40,20,260,30,0.45454545454545453,0.4166666666666667,1.0,1.0,,
40,30,260,30,0.45454545454545453,0.6333333333333333,1.0,1.0,,
80,4,260,30,0.6666666666666666,0.3333333333333333,1.0,0.4,,
80,8,260,30,0.6666666666666666,0.4,1.0,0.8,,
80,12,260,30,0.6666666666666666,0.42857142857142855,1.0,1.0,,
80,20,260,30,0.6666666666666666,0.45454545454545453,1.0,1.0,,
80,30,260,30,0.6666666666666666,0.5666666666666667,1.0,1.0,,
150,4,260,30,0.8181818181818182,0.5,1.0,0.4,,
150,8,260,30,0.8181818181818182,0.5,1.0,0.8,,
150,12,260,30,0.8181818181818182,0.5,1.0,1.0,,
150,20,260,30,0.8181818181818182,0.5,1.0,1.0,,
150,30,260,30,0.8181818181818182,0.5,1.0,1.0,,
260,4,260,30,1.0,0.5,1.0,0.4,,
260,8,260,30,1.0,0.5,1.0,0.8,,
260,12,260,30,1.0,0.5,1.0,1.0,,
260,20,260,30,1.0,0.5,1.0,1.0,,
260,30,260,30,1.0,0.5,1.0,1.0,,
